Time,T,Lat,Lon,Image Time,Image T,MODIS
2021-05-27 00:59:50+08:00,2.0659,52.574341,107.087982,2021-05-27 01:06:00+08:00,3.670000000000016,MOD21_Terra_day
2021-05-28 01:05:30+08:00,1.9339,52.298656,106.063141,2021-05-28 01:10:00+08:00,3.0300000000000296,MOD21_Terra_day
2021-06-03 00:55:59+08:00,2.736,51.631668,104.235764,2021-06-03 01:06:00+08:00,4.130000000000052,MOD21_Terra_day
2021-06-04 01:01:22+08:00,2.8468,51.75333,104.961838,2021-06-04 01:11:00+08:00,4.310000000000002,MOD21_Terra_day
2021-06-05 01:03:30+08:00,2.5783,51.86187,105.282234,2021-06-05 01:06:00+08:00,1.7700000000000389,MOD21_Terra_day
2021-06-08 00:56:41+08:00,2.0715,53.194977,107.806984,2021-06-08 01:08:00+08:00,2.730000000000018,MOD21_Terra_day
2021-06-10 00:52:44+08:00,1.9945,54.387981,109.364166,2021-06-10 01:07:00+08:00,3.5300000000000296,MOD21_Terra_day
2021-06-12 01:01:41+08:00,2.6303,55.095615,109.515503,2021-06-12 01:06:00+08:00,3.9700000000000273,MOD21_Terra_day
2021-07-11 01:00:14+08:00,16.0705,52.281738,106.225136,2021-07-11 01:03:00+08:00,10.850000000000025,MOD21_Terra_day
2021-07-12 01:05:58+08:00,9.2857,53.426022,108.976662,2021-07-12 01:07:00+08:00,16.910000000000025,MOD21_Terra_day
2021-07-13 00:56:34+08:00,3.3572,53.994423,108.607201,2021-07-13 01:01:00+08:00,5.410000000000025,MOD21_Terra_day
2021-07-24 01:08:39+08:00,14.1429,51.632294,103.852951,2021-07-24 01:09:00+08:00,17.010000000000048,MOD21_Terra_day
2021-07-25 00:58:57+08:00,13.5018,51.646896,104.433922,2021-07-25 01:04:00+08:00,15.690000000000056,MOD21_Terra_day
2021-07-26 01:04:44+08:00,16.8109,51.497967,104.328453,2021-07-26 01:08:00+08:00,17.83000000000004,MOD21_Terra_day
2021-07-27 00:55:03+08:00,8.0519,51.787521,104.93589,2021-07-27 01:03:00+08:00,9.950000000000044,MOD21_Terra_day
2021-07-28 00:59:53+08:00,15.3339,52.557934,106.504333,2021-07-28 01:07:00+08:00,16.470000000000027,MOD21_Terra_day
2021-07-29 00:50:08+08:00,7.1631,53.153885,107.979012,2021-07-29 01:01:00+08:00,8.470000000000027,MOD21_Terra_day
2021-07-30 00:55:51+08:00,14.3349,54.389412,108.722244,2021-07-30 01:06:00+08:00,13.670000000000016,MOD21_Terra_day
2021-08-02 00:57:09+08:00,8.8618,53.536312,108.544159,2021-08-02 01:09:00+08:00,18.55000000000001,MOD21_Terra_day
2021-08-05 00:58:45+08:00,15.0249,51.58881,105.212067,2021-08-05 01:02:00+08:00,18.250000000000057,MOD21_Terra_day
2021-08-12 00:52:41+08:00,12.499,51.70052,104.997322,2021-08-12 01:03:00+08:00,12.33000000000004,MOD21_Terra_day
2021-08-13 00:58:29+08:00,9.5418,52.915478,107.005157,2021-08-13 01:07:00+08:00,14.07000000000005,MOD21_Terra_day
2021-08-14 00:49:03+08:00,15.4877,53.454636,108.667702,2021-08-14 01:01:00+08:00,16.110000000000014,MOD21_Terra_day
2021-08-15 00:54:34+08:00,17.1002,54.318539,109.028351,2021-08-15 01:06:00+08:00,17.810000000000002,MOD21_Terra_day
2021-08-20 01:02:57+08:00,14.1535,52.319794,106.179749,2021-08-20 01:07:00+08:00,13.870000000000005,MOD21_Terra_day
2021-09-20 00:49:16+08:00,9.3678,51.787987,105.014519,2021-09-20 01:03:00+08:00,8.170000000000016,MOD21_Terra_day
2021-09-22 01:00:21+08:00,4.2818,52.573483,107.105606,2021-09-22 01:02:00+08:00,6.3700000000000045,MOD21_Terra_day
2021-09-23 01:05:51+08:00,9.0724,52.885292,107.865669,2021-09-23 01:06:00+08:00,9.83000000000004,MOD21_Terra_day
2021-09-24 00:56:20+08:00,12.2681,53.450691,108.757263,2021-09-24 01:10:00+08:00,8.610000000000014,MOD21_Terra_day
2021-10-18 00:59:34+08:00,6.0272,52.883705,107.152977,2021-10-18 01:06:00+08:00,6.310000000000002,MOD21_Terra_day
2021-10-19 00:49:36+08:00,7.1486,53.16341,108.251099,2021-10-19 01:00:00+08:00,6.690000000000055,MOD21_Terra_day
2021-10-21 01:00:26+08:00,7.2825,52.79134,106.612228,2021-10-21 01:09:00+08:00,11.430000000000009,MOD21_Terra_day
2021-10-22 00:50:47+08:00,7.3781,51.915314,105.216103,2021-10-22 01:03:00+08:00,8.770000000000039,MOD21_Terra_day
2021-10-23 00:56:37+08:00,7.2878,51.695095,105.648094,2021-10-23 01:07:00+08:00,8.170000000000016,MOD21_Terra_day
2022-06-04 01:00:09+08:00,3.3874,51.863003,105.285042,2022-06-04 01:07:00+08:00,4.07000000000005,MOD21_Terra_day
2022-06-05 00:50:47+08:00,2.1895,52.47456,106.117088,2022-06-05 01:01:00+08:00,2.3500000000000227,MOD21_Terra_day
2022-06-10 00:51:49+08:00,3.2185,55.574482,109.594162,2022-06-10 01:03:00+08:00,3.5300000000000296,MOD21_Terra_day
2022-06-11 00:57:11+08:00,2.9251,55.31382,109.69706,2022-06-11 01:07:00+08:00,0.910000000000025,MOD21_Terra_day
2022-06-12 00:47:49+08:00,2.7021,53.493679,107.658028,2022-06-12 01:02:00+08:00,2.750000000000057,MOD21_Terra_day
2022-06-14 00:59:08+08:00,4.648,52.03548,105.659164,2022-06-14 01:01:00+08:00,3.6100000000000136,MOD21_Terra_day
2022-07-29 00:58:42+08:00,9.9735,51.756248,104.440582,2022-07-29 01:07:00+08:00,14.310000000000002,MOD21_Terra_day
2022-07-30 00:56:19+08:00,10.9943,51.776119,105.37722,2022-07-30 01:02:00+08:00,11.650000000000034,MOD21_Terra_day
2022-07-31 00:51:34+08:00,11.3464,51.917061,105.646416,2022-07-31 01:06:00+08:00,10.390000000000043,MOD21_Terra_day
2022-08-01 00:57:03+08:00,11.3138,52.801514,107.13266,2022-08-01 01:00:00+08:00,11.010000000000048,MOD21_Terra_day
2022-08-04 00:50:03+08:00,15.1996,55.503078,109.369446,2022-08-04 01:04:00+08:00,14.910000000000023,MOD21_Terra_day
2022-08-05 00:55:31+08:00,12.1369,54.99543,109.413559,2022-08-05 01:08:00+08:00,14.710000000000036,MOD21_Terra_day
2022-08-08 00:57:20+08:00,11.3614,52.575119,106.354347,2022-08-08 01:01:00+08:00,14.130000000000052,MOD21_Terra_day
2022-09-24 01:05:16+08:00,7.2392,52.665291,106.851189,2022-09-24 01:06:00+08:00,6.730000000000018,MOD21_Terra_day
2022-09-25 00:55:25+08:00,10.4154,53.28017,107.775398,2022-09-25 01:01:00+08:00,9.510000000000048,MOD21_Terra_day
2022-09-27 01:06:19+08:00,8.8955,55.367878,109.305916,2022-09-27 01:00:00+08:00,8.350000000000023,MOD21_Terra_day
2022-09-29 00:47:02+08:00,7.601,54.093861,108.914345,2022-09-29 00:58:00+08:00,8.29000000000002,MOD21_Terra_day
2023-07-17 00:43:31+08:00,15.633,51.646149,104.223557,2023-07-17 00:58:00+08:00,17.430000000000007,MOD21_Terra_day
2023-07-19 00:51:10+08:00,10.0472,51.78397,104.938843,2023-07-19 01:06:00+08:00,11.650000000000034,MOD21_Terra_day
2023-07-20 00:56:09+08:00,14.7852,52.474373,106.116249,2023-07-20 01:00:00+08:00,14.77000000000004,MOD21_Terra_day
2023-07-23 00:52:07+08:00,14.1346,54.379456,109.423767,2023-07-23 01:03:00+08:00,14.870000000000005,MOD21_Terra_day
2023-07-27 00:59:45+08:00,17.822,53.167004,107.050095,2023-07-27 01:00:00+08:00,19.950000000000045,MOD21_Terra_day
2023-09-19 01:02:14+08:00,14.7785,51.677891,103.898926,2023-09-19 01:04:00+08:00,15.050000000000011,MOD21_Terra_day
2023-09-20 00:51:43+08:00,14.6288,51.574638,105.124969,2023-09-20 00:58:00+08:00,12.77000000000004,MOD21_Terra_day
2023-09-21 00:54:33+08:00,14.5719,51.891521,105.24556,2023-09-21 01:02:00+08:00,14.630000000000052,MOD21_Terra_day
2023-09-25 00:55:10+08:00,14.2664,53.873199,108.911842,2023-09-25 00:59:00+08:00,14.83000000000004,MOD21_Terra_day
2023-09-26 01:15:19+08:00,12.7765,55.168564,109.327866,2023-09-26 01:03:00+08:00,10.79000000000002,MOD21_Terra_day
2023-09-27 01:04:09+08:00,12.5056,55.702255,109.862816,2023-09-27 01:07:00+08:00,12.050000000000011,MOD21_Terra_day
2023-09-28 00:53:58+08:00,13.0564,55.110359,109.734085,2023-09-28 01:01:00+08:00,10.79000000000002,MOD21_Terra_day
2023-09-29 00:57:28+08:00,11.8011,53.634262,108.123878,2023-09-29 01:06:00+08:00,11.990000000000007,MOD21_Terra_day
2023-10-01 00:52:16+08:00,12.8204,51.891575,105.072815,2023-10-01 01:04:00+08:00,13.510000000000048,MOD21_Terra_day
2023-10-21 00:56:38+08:00,8.5042,53.761715,108.101273,2023-10-21 00:57:00+08:00,8.130000000000052,MOD21_Terra_day
2023-10-25 00:55:21+08:00,7.8337,52.951565,107.051315,2023-10-25 01:03:00+08:00,6.3700000000000045,MOD21_Terra_day
2023-10-27 00:48:34+08:00,8.5253,52.155727,106.010422,2023-10-27 01:01:00+08:00,8.250000000000057,MOD21_Terra_day
2023-10-29 00:57:18+08:00,6.0883,51.719025,105.437889,2023-10-29 01:00:00+08:00,4.170000000000016,MOD21_Terra_day
2024-05-31 00:55:00+08:00,2.8283,51.52687,104.2383,2024-05-31 00:58:00+08:00,5.050000000000011,MOD21_Terra_day
2024-06-04 00:54:00+08:00,2.798778,52.47447,106.1168,2024-06-04 01:04:00+08:00,2.7700000000000387,MOD21_Terra_day
2024-06-06 00:58:00+08:00,2.88771,53.18707,107.8079,2024-06-06 01:03:00+08:00,3.0300000000000296,MOD21_Terra_day
2024-06-07 01:03:00+08:00,2.641278,53.46376,108.3407,2024-06-07 01:06:00+08:00,3.690000000000055,MOD21_Terra_day
2024-06-08 00:55:00+08:00,2.490786,54.28827,108.7451,2024-06-08 01:01:00+08:00,3.490000000000009,MOD21_Terra_day
2024-06-09 00:55:00+08:00,2.53229,55.09248,109.4822,2024-06-09 01:04:00+08:00,-0.3499999999999659,MOD21_Terra_day
2024-07-24 00:49:00+08:00,15.44447,51.57141,104.39112,2024-07-24 01:00:00+08:00,17.890000000000043,MOD21_Terra_day
2024-07-29 00:59:00+08:00,20.75295,52.78646,107.11482,2024-07-29 01:00:00+08:00,22.430000000000007,MOD21_Terra_day
2024-07-31 00:57:00+08:00,19.094,53.86329,109.15931,2024-07-31 00:58:00+08:00,20.410000000000025,MOD21_Terra_day
2024-08-01 00:57:00+08:00,20.6492,54.37691,109.38047,2024-08-01 01:02:00+08:00,22.090000000000032,MOD21_Terra_day
2024-08-02 00:42:00+08:00,17.9009,55.31929,109.48066,2024-08-02 00:56:00+08:00,16.810000000000002,MOD21_Terra_day
2024-08-04 00:52:00+08:00,17.9514,54.29108,108.84055,2024-08-04 01:04:00+08:00,18.750000000000057,MOD21_Terra_day
2024-08-05 00:48:00+08:00,19.2814,53.58863,108.12417,2024-08-05 00:58:00+08:00,20.29000000000002,MOD21_Terra_day
2024-08-06 00:51:00+08:00,18.941,52.34223,106.11971,2024-08-06 01:03:00+08:00,18.970000000000027,MOD21_Terra_day
2024-09-04 01:13:00+08:00,16.2381,51.4872,104.61065,2024-09-04 01:01:00+08:00,12.590000000000032,MOD21_Terra_day
2024-09-05 00:48:00+08:00,15.1442,51.7023,105.67998,2024-09-05 00:55:00+08:00,9.610000000000014,MOD21_Terra_day
2024-09-06 00:52:00+08:00,15.2508,52.36238,106.28712,2024-09-06 01:00:00+08:00,15.03000000000003,MOD21_Terra_day
2024-09-20 00:54:00+08:00,12.23945,51.62265,105.08955,2024-09-20 00:57:00+08:00,12.83000000000004,MOD21_Terra_day
2024-09-21 00:56:00+08:00,11.0823,51.80607,104.91904,2024-09-21 01:01:00+08:00,11.310000000000002,MOD21_Terra_day
2024-09-23 00:45:00+08:00,11.6603,52.42732,106.38476,2024-09-23 00:59:00+08:00,11.970000000000027,MOD21_Terra_day
2024-09-24 00:58:00+08:00,11.80735,52.76613,107.63966,2024-09-24 01:03:00+08:00,12.53000000000003,MOD21_Terra_day
2024-09-25 00:51:00+08:00,11.3953,53.35142,108.2139,2024-09-25 00:57:00+08:00,5.07000000000005,MOD21_Terra_day
2024-09-27 00:40:00+08:00,11.90755,55.1382,109.67681,2024-09-27 00:55:00+08:00,11.27000000000004,MOD21_Terra_day
2024-09-28 00:54:00+08:00,11.48715,55.73514,109.54997,2024-09-28 01:09:00+08:00,9.430000000000009,MOD21_Terra_day
2024-09-29 01:02:00+08:00,10.99,55.69229,109.90056,2024-09-29 01:03:00+08:00,9.670000000000016,MOD21_Terra_day
2021-05-27 01:14:55+08:00,2.1736,52.573254,107.067238,2021-05-27 01:17:00+08:00,2.930000000000007,MOD21_Aqua_day
2021-05-28 01:05:30+08:00,1.9339,52.298656,106.063141,2021-05-28 01:12:00+08:00,2.410000000000025,MOD21_Aqua_day
2021-06-02 01:26:37+08:00,3.2507,51.798389,104.37101,2021-06-02 01:13:00+08:00,21.23000000000001,MOD21_Aqua_day
2021-06-03 01:11:04+08:00,2.7864,51.596478,104.233246,2021-06-03 01:18:00+08:00,5.03000000000003,MOD21_Aqua_day
2021-06-04 01:01:22+08:00,2.8468,51.75333,104.961838,2021-06-04 01:12:00+08:00,3.2900000000000205,MOD21_Aqua_day
2021-06-08 00:56:41+08:00,2.0715,53.194977,107.806984,2021-06-08 01:10:00+08:00,3.890000000000043,MOD21_Aqua_day
2021-06-10 01:07:51+08:00,2.0263,54.388786,109.363731,2021-06-10 01:09:00+08:00,2.8500000000000227,MOD21_Aqua_day
2021-06-12 01:16:46+08:00,2.453,55.065163,109.483406,2021-06-12 01:17:00+08:00,3.790000000000021,MOD21_Aqua_day
2021-07-24 01:08:39+08:00,14.1429,51.632294,103.852951,2021-07-24 01:11:00+08:00,19.590000000000032,MOD21_Aqua_day
2021-07-25 01:14:02+08:00,13.8242,51.64679,104.434288,2021-07-25 01:15:00+08:00,16.57000000000005,MOD21_Aqua_day
2021-07-26 01:04:44+08:00,16.8109,51.497967,104.328453,2021-07-26 01:10:00+08:00,18.19000000000005,MOD21_Aqua_day
2021-07-27 01:10:08+08:00,8.0546,51.787498,104.932175,2021-07-27 01:14:00+08:00,9.750000000000057,MOD21_Aqua_day
2021-07-28 01:14:58+08:00,15.5073,52.576324,106.549629,2021-07-28 01:18:00+08:00,16.890000000000043,MOD21_Aqua_day
2021-07-29 01:05:10+08:00,7.1098,53.165829,107.996971,2021-07-29 01:13:00+08:00,9.250000000000057,MOD21_Aqua_day
2021-07-30 01:10:56+08:00,12.3419,54.424122,108.716713,2021-07-30 01:17:00+08:00,14.410000000000023,MOD21_Aqua_day
2021-08-05 00:58:45+08:00,15.0249,51.58881,105.212067,2021-08-05 01:13:00+08:00,21.03000000000003,MOD21_Aqua_day
2021-08-12 01:07:46+08:00,12.4549,51.697842,104.994865,2021-08-12 01:14:00+08:00,13.110000000000014,MOD21_Aqua_day
2021-08-13 01:13:35+08:00,13.9393,52.884129,107.033638,2021-08-13 01:18:00+08:00,16.750000000000057,MOD21_Aqua_day
2021-08-14 01:04:05+08:00,15.2521,53.480228,108.655281,2021-08-14 01:13:00+08:00,17.610000000000014,MOD21_Aqua_day
2021-08-15 01:09:39+08:00,17.5138,54.351234,109.050339,2021-08-15 01:17:00+08:00,18.470000000000027,MOD21_Aqua_day
2021-08-20 01:02:57+08:00,14.1535,52.319794,106.179749,2021-08-20 01:09:00+08:00,14.510000000000048,MOD21_Aqua_day
2021-09-20 01:04:17+08:00,7.859,51.815163,105.021027,2021-09-20 01:15:00+08:00,8.950000000000045,MOD21_Aqua_day
2021-09-23 01:05:51+08:00,9.0724,52.885292,107.865669,2021-09-23 01:08:00+08:00,10.03000000000003,MOD21_Aqua_day
2021-10-18 01:14:36+08:00,6.0326,52.889912,107.166183,2021-10-18 01:17:00+08:00,5.990000000000009,MOD21_Aqua_day
2021-10-19 01:04:41+08:00,7.1632,53.163219,108.252213,2021-10-19 01:12:00+08:00,6.910000000000025,MOD21_Aqua_day
2021-10-20 01:10:10+08:00,7.9737,53.443016,107.676315,2021-10-20 01:16:00+08:00,7.350000000000023,MOD21_Aqua_day
2021-10-21 01:00:26+08:00,7.2825,52.79134,106.612228,2021-10-21 01:10:00+08:00,8.53000000000003,MOD21_Aqua_day
2021-10-22 01:05:51+08:00,7.3591,51.915318,105.216087,2021-10-22 01:15:00+08:00,10.310000000000002,MOD21_Aqua_day
2021-10-23 00:56:37+08:00,7.2878,51.695095,105.648094,2021-10-23 01:09:00+08:00,8.190000000000055,MOD21_Aqua_day
2022-06-02 01:05:58+08:00,3.0055,51.792725,104.800766,2022-06-02 01:09:00+08:00,3.590000000000032,MOD21_Aqua_day
2022-06-04 01:15:14+08:00,3.3846,51.863274,105.287048,2022-06-04 01:18:00+08:00,3.990000000000009,MOD21_Aqua_day
2022-06-05 01:05:52+08:00,2.5703,52.474609,106.116905,2022-06-05 01:12:00+08:00,2.970000000000028,MOD21_Aqua_day
2022-06-06 01:11:36+08:00,2.8809,52.780796,107.588547,2022-06-06 01:16:00+08:00,1.7700000000000389,MOD21_Aqua_day
2022-06-09 01:16:23+08:00,2.4819,54.860058,109.416969,2022-06-09 01:19:00+08:00,2.07000000000005,MOD21_Aqua_day
2022-06-10 01:06:52+08:00,3.3118,55.574413,109.595818,2022-06-10 01:14:00+08:00,4.890000000000043,MOD21_Aqua_day
2022-06-11 00:57:11+08:00,2.9251,55.31382,109.69706,2022-06-11 01:09:00+08:00,4.170000000000016,MOD21_Aqua_day
2022-06-12 01:02:51+08:00,3.0302,53.461109,107.66758,2022-06-12 01:13:00+08:00,3.470000000000028,MOD21_Aqua_day
2022-07-29 01:13:47+08:00,10.1605,51.756229,104.440109,2022-07-29 01:18:00+08:00,14.850000000000025,MOD21_Aqua_day
2022-07-30 01:11:21+08:00,10.9919,51.775574,105.378242,2022-07-30 01:12:00+08:00,12.710000000000036,MOD21_Aqua_day
2022-07-31 01:06:39+08:00,10.8707,51.92178,105.637184,2022-07-31 01:16:00+08:00,15.110000000000014,MOD21_Aqua_day
2022-08-01 00:57:03+08:00,11.3138,52.801514,107.13266,2022-08-01 01:10:00+08:00,12.050000000000011,MOD21_Aqua_day
2022-08-02 01:09:03+08:00,15.0666,53.411327,108.453682,2022-08-02 01:15:00+08:00,10.110000000000014,MOD21_Aqua_day
2022-08-03 00:59:30+08:00,9.166,54.441528,109.14357,2022-08-03 01:09:00+08:00,9.57000000000005,MOD21_Aqua_day
2022-08-04 01:05:05+08:00,14.8746,55.532139,109.394135,2022-08-04 01:13:00+08:00,17.150000000000034,MOD21_Aqua_day
2022-08-05 01:10:33+08:00,12.9524,54.965878,109.38649,2022-08-05 01:18:00+08:00,12.510000000000048,MOD21_Aqua_day
2022-08-06 01:16:10+08:00,15.1288,53.557007,108.550179,2022-08-06 01:12:00+08:00,14.510000000000048,MOD21_Aqua_day
2022-08-08 00:57:20+08:00,11.3614,52.575119,106.354347,2022-08-08 01:11:00+08:00,13.910000000000023,MOD21_Aqua_day
2022-09-21 01:07:06+08:00,7.674,51.790424,104.825294,2022-09-21 01:12:00+08:00,8.550000000000011,MOD21_Aqua_day
2022-09-23 00:59:33+08:00,6.9266,51.868885,105.263855,2022-09-23 01:11:00+08:00,8.03000000000003,MOD21_Aqua_day
2022-09-25 00:55:25+08:00,10.4154,53.28017,107.775398,2022-09-25 01:10:00+08:00,5.850000000000023,MOD21_Aqua_day
2022-09-27 01:06:19+08:00,8.8955,55.367878,109.305916,2022-09-27 01:09:00+08:00,9.310000000000002,MOD21_Aqua_day
2022-09-29 01:02:07+08:00,8.0993,54.061687,108.94088,2022-09-29 01:17:00+08:00,7.810000000000002,MOD21_Aqua_day
2022-10-01 01:13:08+08:00,9.3431,53.035488,106.924934,2022-10-01 01:16:00+08:00,10.090000000000032,MOD21_Aqua_day
2023-07-16 01:23:32+08:00,6.5261,51.83551,104.87986,2023-07-16 01:17:00+08:00,12.890000000000043,MOD21_Aqua_day
2023-07-19 01:06:20+08:00,10.0482,51.78315,104.94043,2023-07-19 01:10:00+08:00,11.690000000000056,MOD21_Aqua_day
2023-07-20 01:11:09+08:00,14.7714,52.474613,106.115334,2023-07-20 01:14:00+08:00,14.710000000000036,MOD21_Aqua_day
2023-07-21 01:13:08+08:00,15.6714,52.878159,107.155945,2023-07-21 01:18:00+08:00,15.670000000000016,MOD21_Aqua_day
2023-07-23 01:07:17+08:00,14.1747,54.379604,109.423561,2023-07-23 01:17:00+08:00,16.07000000000005,MOD21_Aqua_day
2023-07-24 01:11:37+08:00,14.2833,55.569386,109.597282,2023-07-24 01:21:00+08:00,20.430000000000007,MOD21_Aqua_day
2023-07-26 01:25:35+08:00,14.2539,53.448856,108.45787,2023-07-26 01:20:00+08:00,14.750000000000057,MOD21_Aqua_day
2023-07-27 00:59:45+08:00,17.822,53.167004,107.050095,2023-07-27 01:14:00+08:00,18.390000000000043,MOD21_Aqua_day
2023-09-19 01:02:14+08:00,14.7785,51.677891,103.898926,2023-09-19 01:14:00+08:00,14.83000000000004,MOD21_Aqua_day
2023-09-20 01:06:43+08:00,14.61,51.575504,105.126305,2023-09-20 01:18:00+08:00,15.970000000000027,MOD21_Aqua_day
2023-09-21 01:09:42+08:00,14.5455,51.890114,105.243034,2023-09-21 01:13:00+08:00,14.990000000000007,MOD21_Aqua_day
2023-09-25 00:55:10+08:00,14.2664,53.873199,108.911842,2023-09-25 01:10:00+08:00,15.590000000000032,MOD21_Aqua_day
2023-09-26 01:00:19+08:00,12.4344,55.14053,109.348152,2023-09-26 01:14:00+08:00,10.170000000000016,MOD21_Aqua_day
2023-09-27 01:04:09+08:00,12.5056,55.702255,109.862816,2023-09-27 01:18:00+08:00,12.610000000000014,MOD21_Aqua_day
2023-09-28 01:08:58+08:00,13.0483,55.110332,109.733917,2023-09-28 01:12:00+08:00,12.410000000000023,MOD21_Aqua_day
2023-09-29 01:12:28+08:00,11.9472,53.637356,108.127731,2023-09-29 01:16:00+08:00,10.810000000000002,MOD21_Aqua_day
2023-10-01 01:07:16+08:00,12.7988,51.890053,105.073372,2023-10-01 01:15:00+08:00,15.050000000000011,MOD21_Aqua_day
2023-10-21 01:11:48+08:00,9.5764,53.796017,108.128326,2023-10-21 01:10:00+08:00,6.830000000000041,MOD21_Aqua_day
2023-10-22 01:02:56+08:00,9.5693,54.358925,109.2854,2023-10-22 01:14:00+08:00,9.250000000000057,MOD21_Aqua_day
2023-10-26 01:02:20+08:00,7.0883,52.564583,106.357162,2023-10-26 01:11:00+08:00,5.750000000000057,MOD21_Aqua_day
2023-10-29 01:12:24+08:00,6.8808,51.696793,105.466309,2023-10-29 01:14:00+08:00,4.830000000000041,MOD21_Aqua_day
2023-10-30 01:03:17+08:00,8.7955,51.699547,103.842072,2023-10-30 01:18:00+08:00,8.29000000000002,MOD21_Aqua_day
2024-05-31 01:10:00+08:00,2.760171,51.52646,104.2387,2024-05-31 01:16:00+08:00,4.250000000000057,MOD21_Aqua_day
2024-06-01 01:06:00+08:00,3.049022,51.60601,105.236,2024-06-01 01:21:00+08:00,3.170000000000016,MOD21_Aqua_day
2024-06-03 01:06:00+08:00,3.386567,51.86618,105.3605,2024-06-03 01:19:00+08:00,6.130000000000052,MOD21_Aqua_day
2024-06-06 00:58:00+08:00,2.88771,53.18707,107.8079,2024-06-06 01:12:00+08:00,3.2100000000000364,MOD21_Aqua_day
2024-06-07 01:03:00+08:00,2.641278,53.46376,108.3407,2024-06-07 01:16:00+08:00,2.510000000000048,MOD21_Aqua_day
2024-06-08 01:10:00+08:00,2.232333,54.31732,108.75,2024-06-08 01:19:00+08:00,3.230000000000018,MOD21_Aqua_day
2024-06-09 01:10:00+08:00,2.533656,55.12042,109.5151,2024-06-09 01:14:00+08:00,2.670000000000016,MOD21_Aqua_day
2024-06-12 01:13:00+08:00,3.051767,53.35366,107.4921,2024-06-12 01:16:00+08:00,3.730000000000018,MOD21_Aqua_day
2024-07-24 01:35:00+08:00,18.9188,51.52766,104.24968,2024-07-24 01:20:00+08:00,21.65000000000004,MOD21_Aqua_day
2024-07-28 01:28:00+08:00,18.03427,52.00684,105.86473,2024-07-28 01:17:00+08:00,22.010000000000048,MOD21_Aqua_day
2024-07-29 01:14:00+08:00,20.37215,52.76026,107.14602,2024-07-29 01:21:00+08:00,19.930000000000007,MOD21_Aqua_day
2024-07-30 01:11:00+08:00,16.04515,53.19434,107.80926,2024-07-30 01:15:00+08:00,17.49000000000001,MOD21_Aqua_day
2024-07-31 01:12:00+08:00,19.3573,53.89621,109.16858,2024-07-31 01:19:00+08:00,20.590000000000032,MOD21_Aqua_day
2024-08-01 01:12:00+08:00,20.21175,54.39236,109.33628,2024-08-01 01:13:00+08:00,19.27000000000004,MOD21_Aqua_day
2024-08-02 01:12:00+08:00,18.06155,55.31388,109.47988,2024-08-02 01:18:00+08:00,18.05000000000001,MOD21_Aqua_day
2024-08-04 01:07:00+08:00,18.2392,54.28685,108.78368,2024-08-04 01:16:00+08:00,20.81,MOD21_Aqua_day
2024-08-05 01:05:00+08:00,19.34825,53.55021,108.12407,2024-08-05 01:20:00+08:00,19.850000000000023,MOD21_Aqua_day
2024-08-06 01:21:00+08:00,19.153,52.29995,106.04399,2024-08-06 01:24:00+08:00,19.670000000000016,MOD21_Aqua_day
2024-09-04 00:58:00+08:00,15.9487,51.49887,104.6339,2024-09-04 01:13:00+08:00,16.310000000000002,MOD21_Aqua_day
2024-09-05 01:03:00+08:00,15.1409,51.70388,105.682,2024-09-05 01:18:00+08:00,14.430000000000009,MOD21_Aqua_day
2024-09-06 01:07:00+08:00,15.2453,52.36332,106.28697,2024-09-06 01:22:00+08:00,16.750000000000057,MOD21_Aqua_day
2024-09-20 01:09:00+08:00,12.20595,51.62386,105.0908,2024-09-20 01:19:00+08:00,13.350000000000025,MOD21_Aqua_day
2024-09-21 01:11:00+08:00,11.6213,51.78759,104.95091,2024-09-21 01:13:00+08:00,12.170000000000016,MOD21_Aqua_day
2024-09-23 01:16:00+08:00,11.6506,52.41289,106.42983,2024-09-23 01:21:00+08:00,12.690000000000056,MOD21_Aqua_day
2024-09-24 01:13:00+08:00,11.9118,52.74237,107.63933,2024-09-24 01:16:00+08:00,12.490000000000007,MOD21_Aqua_day
2024-09-27 01:10:00+08:00,11.90235,55.13834,109.67702,2024-09-27 01:18:00+08:00,12.370000000000005,MOD21_Aqua_day
2024-09-28 01:09:00+08:00,11.47095,55.73516,109.54992,2024-09-28 01:22:00+08:00,10.310000000000002,MOD21_Aqua_day
2024-09-29 01:02:00+08:00,10.99,55.69229,109.90056,2024-09-29 01:16:00+08:00,10.250000000000057,MOD21_Aqua_day
2024-10-02 01:08:00+08:00,9.0184,51.98664,105.67645,2024-10-02 01:18:00+08:00,10.510000000000048,MOD21_Aqua_day
